{
  "backend_comparison_summary": {
    "backend_disagreement_intervals": 0,
    "enabled": false
  },
  "case_dir": "cases/rn_26b6e0a2e6d5",
  "case_id": "rn_26b6e0a2e6d5",
  "category_distances": {
    "double": 0.2889438588895955,
    "double_sphere_single_ring": 0.2889438588895955,
    "high_charge": 0.7974889049949287,
    "inner_only": 0.1802775637731996,
    "large_lambda_jump": 17.420962052037307,
    "large_q_jump": 0.6881050454618179,
    "near_schwarzschild": 10.658398476296847,
    "outer_only": 0.6264982043070834,
    "rnds_observer_near_cosmological_patch": 17.488035642127898,
    "shell_near_outer_photon_sphere": 0.5503635162326805,
    "single_sphere_double_peak": 0.24945243244418105
  },
  "category_tags": [
    "double"
  ],
  "emissivity_modes": [
    "paper",
    "inverse_square"
  ],
  "family": "rn",
  "figure_index": {
    "fig_case_rn_26b6e0a2e6d5_double.png": {
      "case_dir": "cases/rn_26b6e0a2e6d5",
      "case_id": "rn_26b6e0a2e6d5",
      "kind": "representative_case",
      "path": "figures/fig_case_rn_26b6e0a2e6d5_double.png",
      "tag": "double"
    }
  },
  "parameters": {
    "family": "rn",
    "lambda_minus": 0.0,
    "lambda_plus": 0.0,
    "m_minus": 0.6499999999999999,
    "m_plus": 1.0,
    "observer_radius": 50.0,
    "q_minus": 0.2,
    "q_plus": 0.2,
    "shell_radius": 2.4
  },
  "primary_emissivity": "paper",
  "profile_diagnostics": {
    "peak_count": 3,
    "peaks": [
      {
        "index": 4,
        "prominence": 0.0002375650154678318,
        "x": 2.909090909090909,
        "y": 0.003697299905863475
      },
      {
        "index": 7,
        "prominence": 0.0007153723291847746,
        "x": 4.363636363636363,
        "y": 0.00608330824077287
      },
      {
        "index": 9,
        "prominence": 0.0072499723903718645,
        "x": 5.090909090909091,
        "y": 0.011242934310874402
      }
    ],
    "redshift_cusp_orders": [],
    "shell_crossing_count_max": 1,
    "v_shape_orders": []
  },
  "signal_score": 2.0
}